Vector size,CPU time (s),CPU JIT time(s),CUDA time(s),Numpy sum time(s),CPU JIT speed up,CUDA speed up,Numpy sum speed up
10000.0,0.0007185666666676601,0.02734309166650443,0.009841533333201369,1.4975000037035594e-05,0.02627964223767394,0.0730136902796951,47.984418356629625
100000.0,0.007141224999941187,7.290833339842114e-05,0.0006280666666498291,2.9083333477804747e-05,97.94799396821534,11.370170364291422,245.54355178683656
1000000.0,0.07132205833355935,0.0007087000000562208,0.001724616666554842,0.0004004333335008899,100.63786980090505,41.355310844835415,178.11219088582908
10000000.0,0.7242556166668995,0.007470816666682367,0.03368119166680117,0.014487016666559308,96.94463791313008,21.503265793911407,49.99342744864195
100000000.0,12.23322264999994,0.12946498333349155,0.15775615833323778,0.13552115000008294,94.49058992645237,77.5451353484342,90.26799617618691
