Matrix size,CPU time (s),CPU JIT time(s),CUDA time(s),Numpy dot time(s),CPU JIT speed up,CUDA speed up,Numpy dot speed up,C CPU,C speed up
100.0,0.4179854999529198,0.158562441666921,0.0384960083271532,0.00042613333789631724,2.6360939927435485,10.857891976766155,980.879604530308,0.0027,154.778
250.0,6.140889000031166,0.005796008335892111,0.003301883329792569,0.006356208332969497,1059.5031345975403,1859.8140475232808,966.1245633152905,0.0477,128.740
500.0,48.02067880006507,0.06428521666869831,0.017875766672659665,0.058279799995943904,746.9941191541049,2686.3563213493358,823.9678036542192,0.3849,124.708
750.0,164.40487070009112,0.28088562500003417,0.024913258336406823,0.3052111416667079,585.308951642047,6599.091474913145,538.659466369095,1.2667,129.470
1000.0,537.5727340000449,0.7930284083413426,0.06798866666698207,1.3909578666692444,677.8732367537808,7906.799182180624,386.47664812975546,2.8662,187.356
