Matrix size,CPU time (s),CPU JIT time(s),CUDA time(s),Numpy dot time(s),CPU JIT speed up,CUDA speed up,Numpy dot speed up
100.0,0.39002990000881255,0.02871466666692868,0.011795241667035347,0.0004140416664692263,13.582950640970479,33.066715461951524,942.0064007925192
250.0,5.766056000022218,0.00626548333093524,0.0025009416664640107,0.006945241664652713,920.2890974991273,2305.553974865248,830.2167553604546
500.0,70.47197359998245,0.06526257499839024,0.01882599999953527,0.056826883330359124,1079.822143115265,3743.3322852290494,1240.1168156680096
750.0,161.4640003000386,0.26079891666692373,0.03208121666587734,0.25248787499731407,619.1130023222084,5032.976211023104,639.4920956174875
1000.0,402.7189815000165,0.5992637750023277,0.05788318333118999,0.6125438250019215,672.0229025998647,6957.443566912705,657.4533365000508
